Date,Work Summary,Learnings/Outcomes,Hours Worked,Tech Stack,Tag
2026-04-03,"Worked on improving the frontend UI design and optimized the responsiveness of multiple pages for better user experience across desktop and mobile devices. Updated layouts, aligned components properly, and fixed minor styling inconsistencies in the project.",Learned responsive web design concepts and improved understanding of building mobile-friendly layouts using modern CSS techniques and reusable UI structures.,8,"HTML, CSS, JavaScript",CSS
2026-04-04,"Implemented and tested form validation features in the application. Improved user interaction by handling input errors properly and ensuring smoother navigation between pages. Fixed issues related to buttons, forms, and responsive sections.","Improved knowledge of JavaScript form validation, input handling, and error management while working on frontend interaction features and navigation flow.",8,"React.js, Tailwind CSS",React
2026-04-06,Worked on debugging frontend issues and resolving layout alignment problems in different screen sizes. Optimized component rendering and improved the structure of reusable UI components used in the project.,Learned how to debug frontend issues effectively using browser developer tools and improved understanding of identifying and fixing responsive design problems.,8,"Next.js, TypeScript, Tailwind CSS",Next.js
2026-04-07,"Enhanced the dashboard interface by updating cards, navigation sections, and responsive elements. Improved overall UI consistency and worked on making the application visually cleaner and easier to use.",Gained practical experience in component-based frontend development and learned how reusable components improve project maintainability and development speed.,8,"Bootstrap, JavaScript",Bootstrap
2026-04-08,Integrated reusable frontend components and organized project files for better maintainability. Worked on improving code readability and optimized existing UI sections for better performance.,"Improved understanding of frontend optimization techniques, responsive layouts, and clean UI design practices while working on different sections of the project.",8,"React.js, Node.js",Node.js
2026-04-09,"Tested different modules of the project and fixed bugs identified during implementation. Worked on improving the user experience by refining forms, navigation flow, and responsive behavior.","Learned how to test application modules systematically and gained experience in identifying, debugging, and fixing UI-related bugs during implementation.",8,"Tailwind CSS, React.js",Tailwind CSS
2026-04-10,Worked on API integration and tested frontend-backend communication for dynamic data handling. Verified proper response handling and updated frontend components to display data correctly.,Improved understanding of API integration concepts and asynchronous data handling between frontend and backend systems in web applications.,8,"MongoDB, Express.js",MongoDB
2026-04-11,"Improved project responsiveness and optimized styling using modern CSS techniques. Worked on spacing, alignment, typography, and layout improvements to maintain consistency across the application.","Learned better project organization techniques and improved understanding of clean coding practices, reusable structures, and maintainable frontend architecture.",8,"TypeScript, React.js",TypeScript
2026-04-13,Worked on implementing new frontend features and enhanced existing functionalities in the project. Improved page structure and ensured proper responsiveness and smooth user interaction.,"Enhanced problem-solving skills by resolving frontend issues, improving layouts, and optimizing user experience across multiple devices and screen sizes.",8,"Supabase, Next.js",Supabase
2026-04-14,"Reviewed and updated project components to improve maintainability and functionality. Fixed UI-related issues, optimized layouts, and tested multiple pages for proper responsiveness.","Learned the importance of UI consistency, proper navigation flow, and responsive design principles while improving different features of the project.",8,"Git, GitHub",Git
2026-04-15,"Worked on improving the frontend UI design and optimized the responsiveness of multiple pages for better user experience across desktop and mobile devices. Updated layouts, aligned components properly, and fixed minor styling inconsistencies in the project.",Learned responsive web design concepts and improved understanding of building mobile-friendly layouts using modern CSS techniques and reusable UI structures.,8,"HTML, CSS, JavaScript",CSS
2026-04-16,"Implemented and tested form validation features in the application. Improved user interaction by handling input errors properly and ensuring smoother navigation between pages. Fixed issues related to buttons, forms, and responsive sections.","Improved knowledge of JavaScript form validation, input handling, and error management while working on frontend interaction features and navigation flow.",8,"React.js, Tailwind CSS",React
2026-04-17,Worked on debugging frontend issues and resolving layout alignment problems in different screen sizes. Optimized component rendering and improved the structure of reusable UI components used in the project.,Learned how to debug frontend issues effectively using browser developer tools and improved understanding of identifying and fixing responsive design problems.,8,"Next.js, TypeScript, Tailwind CSS",Next.js
2026-04-18,"Enhanced the dashboard interface by updating cards, navigation sections, and responsive elements. Improved overall UI consistency and worked on making the application visually cleaner and easier to use.",Gained practical experience in component-based frontend development and learned how reusable components improve project maintainability and development speed.,8,"Bootstrap, JavaScript",Bootstrap
2026-04-20,Integrated reusable frontend components and organized project files for better maintainability. Worked on improving code readability and optimized existing UI sections for better performance.,"Improved understanding of frontend optimization techniques, responsive layouts, and clean UI design practices while working on different sections of the project.",8,"React.js, Node.js",Node.js
2026-04-21,"Tested different modules of the project and fixed bugs identified during implementation. Worked on improving the user experience by refining forms, navigation flow, and responsive behavior.","Learned how to test application modules systematically and gained experience in identifying, debugging, and fixing UI-related bugs during implementation.",8,"Tailwind CSS, React.js",Tailwind CSS
2026-04-22,Worked on API integration and tested frontend-backend communication for dynamic data handling. Verified proper response handling and updated frontend components to display data correctly.,Improved understanding of API integration concepts and asynchronous data handling between frontend and backend systems in web applications.,8,"MongoDB, Express.js",MongoDB
2026-04-23,"Improved project responsiveness and optimized styling using modern CSS techniques. Worked on spacing, alignment, typography, and layout improvements to maintain consistency across the application.","Learned better project organization techniques and improved understanding of clean coding practices, reusable structures, and maintainable frontend architecture.",8,"TypeScript, React.js",TypeScript
2026-04-24,Worked on implementing new frontend features and enhanced existing functionalities in the project. Improved page structure and ensured proper responsiveness and smooth user interaction.,"Enhanced problem-solving skills by resolving frontend issues, improving layouts, and optimizing user experience across multiple devices and screen sizes.",8,"Supabase, Next.js",Supabase
2026-04-25,"Reviewed and updated project components to improve maintainability and functionality. Fixed UI-related issues, optimized layouts, and tested multiple pages for proper responsiveness.","Learned the importance of UI consistency, proper navigation flow, and responsive design principles while improving different features of the project.",8,"Git, GitHub",Git
2026-04-27,"Worked on improving the frontend UI design and optimized the responsiveness of multiple pages for better user experience across desktop and mobile devices. Updated layouts, aligned components properly, and fixed minor styling inconsistencies in the project.",Learned responsive web design concepts and improved understanding of building mobile-friendly layouts using modern CSS techniques and reusable UI structures.,8,"HTML, CSS, JavaScript",CSS
2026-04-28,"Implemented and tested form validation features in the application. Improved user interaction by handling input errors properly and ensuring smoother navigation between pages. Fixed issues related to buttons, forms, and responsive sections.","Improved knowledge of JavaScript form validation, input handling, and error management while working on frontend interaction features and navigation flow.",8,"React.js, Tailwind CSS",React
2026-04-29,Worked on debugging frontend issues and resolving layout alignment problems in different screen sizes. Optimized component rendering and improved the structure of reusable UI components used in the project.,Learned how to debug frontend issues effectively using browser developer tools and improved understanding of identifying and fixing responsive design problems.,8,"Next.js, TypeScript, Tailwind CSS",Next.js
2026-04-30,"Enhanced the dashboard interface by updating cards, navigation sections, and responsive elements. Improved overall UI consistency and worked on making the application visually cleaner and easier to use.",Gained practical experience in component-based frontend development and learned how reusable components improve project maintainability and development speed.,8,"Bootstrap, JavaScript",Bootstrap
2026-05-01,Integrated reusable frontend components and organized project files for better maintainability. Worked on improving code readability and optimized existing UI sections for better performance.,"Improved understanding of frontend optimization techniques, responsive layouts, and clean UI design practices while working on different sections of the project.",8,"React.js, Node.js",Node.js
2026-05-02,"Tested different modules of the project and fixed bugs identified during implementation. Worked on improving the user experience by refining forms, navigation flow, and responsive behavior.","Learned how to test application modules systematically and gained experience in identifying, debugging, and fixing UI-related bugs during implementation.",8,"Tailwind CSS, React.js",Tailwind CSS
2026-05-04,Worked on API integration and tested frontend-backend communication for dynamic data handling. Verified proper response handling and updated frontend components to display data correctly.,Improved understanding of API integration concepts and asynchronous data handling between frontend and backend systems in web applications.,8,"MongoDB, Express.js",MongoDB
2026-05-05,"Improved project responsiveness and optimized styling using modern CSS techniques. Worked on spacing, alignment, typography, and layout improvements to maintain consistency across the application.","Learned better project organization techniques and improved understanding of clean coding practices, reusable structures, and maintainable frontend architecture.",8,"TypeScript, React.js",TypeScript
2026-05-06,Worked on implementing new frontend features and enhanced existing functionalities in the project. Improved page structure and ensured proper responsiveness and smooth user interaction.,"Enhanced problem-solving skills by resolving frontend issues, improving layouts, and optimizing user experience across multiple devices and screen sizes.",8,"Supabase, Next.js",Supabase
2026-05-07,"Reviewed and updated project components to improve maintainability and functionality. Fixed UI-related issues, optimized layouts, and tested multiple pages for proper responsiveness.","Learned the importance of UI consistency, proper navigation flow, and responsive design principles while improving different features of the project.",8,"Git, GitHub",Git
2026-05-08,"Worked on improving the frontend UI design and optimized the responsiveness of multiple pages for better user experience across desktop and mobile devices. Updated layouts, aligned components properly, and fixed minor styling inconsistencies in the project.",Learned responsive web design concepts and improved understanding of building mobile-friendly layouts using modern CSS techniques and reusable UI structures.,8,"HTML, CSS, JavaScript",CSS
